Date,Gold_Price_22k,USD_INR
2020-12-29,45154,73.5448989868164
2020-12-30,45369,73.45359802246094
2020-12-31,45222,73.13400268554688
2021-01-01,45194,73.08920288085938
2021-01-04,46427,73.09200286865234
2021-01-05,46764,73.31999969482422
2021-01-06,45701,73.37480163574219
2021-01-07,45821,73.36000061035156
2021-01-08,43999,73.44599914550781
2021-01-11,44327,73.37339782714844
2021-01-12,44251,73.51349639892578
2021-01-13,44297,73.16500091552734
2021-01-14,44221,73.1698989868164
2021-01-15,43670,73.08760070800781
2021-01-18,43712,73.15899658203125
2021-01-19,43974,73.1886978149414
2021-01-20,44607,73.19190216064453
2021-01-21,44422,72.91089630126953
2021-01-22,44220,72.95490264892578
2021-01-25,44225,72.99590301513672
2021-01-26,44110,72.97000122070312
2021-01-27,43941,72.91999816894531
2021-01-28,43845,73.03710174560547
2021-01-29,44010,72.93879699707031
2021-02-01,44312,72.90660095214844
2021-02-02,43718,73.11979675292969
2021-02-03,43636,72.91629791259766
2021-02-04,42571,72.85800170898438
2021-02-05,43147,72.9457015991211
2021-02-08,43551,72.78479766845703
2021-02-09,43718,72.92990112304688
2021-02-10,43800,72.85489654541016
2021-02-11,43398,72.80729675292969
2021-02-12,43261,72.70950317382812
2021-02-15,43193,72.59480285644531
2021-02-16,42640,72.63870239257812
2021-02-17,42192,72.93499755859375
2021-02-18,42167,72.79730224609375
2021-02-19,42113,72.60540008544922
2021-02-22,42815,72.5530014038086
2021-02-23,42696,72.44400024414062
2021-02-24,42467,72.37699890136719
2021-02-25,41961,72.4000015258789
2021-02-26,41290,73.1509017944336
2021-03-01,41406,73.59590148925781
2021-03-02,41499,73.30940246582031
2021-03-03,41055,73.27749633789062
2021-03-04,40473,72.88069915771484
2021-03-05,40560,73.13179779052734
2021-03-08,40076,73.1333999633789
2021-03-09,41115,73.33000183105469
2021-03-10,40921,72.7759017944336
2021-03-11,40901,72.70600128173828
2021-03-12,40797,72.63899993896484
2021-03-15,41044,72.68299865722656
2021-03-16,40990,72.51529693603516
2021-03-17,40900,72.5156021118164
2021-03-18,40904,72.29560089111328
2021-03-19,41333,72.6688003540039
2021-03-22,41098,72.40499877929688
2021-03-23,40774,72.38050079345703
2021-03-24,41099,72.61219787597656
2021-03-25,40928,72.64559936523438
2021-03-26,41083,72.61280059814453
2021-03-29,40514,72.44719696044922
2021-03-30,40009,72.74189758300781
2021-03-31,41113,73.44529724121094
2021-04-01,41281,73.20349884033203
2021-04-02,41328,73.28730010986328
2021-04-05,41390,73.3759994506836
2021-04-06,41683,73.27950286865234
2021-04-07,41769,73.48999786376953
2021-04-08,42693,74.40149688720703
2021-04-09,42446,74.54450225830078
2021-04-12,42256,74.72949981689453
2021-04-13,42772,74.99099731445312
2021-04-14,42603,75.18150329589844
2021-04-15,43262,75.0261001586914
2021-04-16,43422,74.72740173339844
2021-04-19,43093,74.56320190429688
2021-04-20,43468,74.8781967163086
2021-04-21,44169,75.44920349121094
2021-04-22,43884,75.42949676513672
2021-04-23,43584,75.0916976928711
2021-04-26,43508,74.86810302734375
2021-04-27,43448,74.81490325927734
2021-04-28,43192,74.57499694824219
2021-04-29,42916,74.31179809570312
2021-04-30,42777,74.10579681396484
2021-05-03,43354,74.09480285644531
2021-05-04,42828,73.8375015258789
2021-05-05,42994,73.77890014648438
2021-05-06,43762,73.79940032958984
2021-05-07,44028,73.61519622802734
2021-05-10,43987,73.29029846191406
2021-05-11,44075,73.5
2021-05-12,43681,73.3750991821289
2021-05-13,43892,73.68160247802734
2021-05-14,44090,73.44490051269531
2021-05-17,44698,73.27890014648438
2021-05-18,44700,73.26969909667969
2021-05-19,44936,73.1281967163086
2021-05-20,45006,73.222900390625
2021-05-21,44761,73.02189636230469
2021-05-24,44880,72.90979766845703
2021-05-25,45157,72.83660125732422
2021-05-26,45213,72.80490112304688
2021-05-27,44998,72.67250061035156
2021-05-28,45166,72.68299865722656
2021-05-31,44986,72.39350128173828
2021-06-01,45054,72.48719787597656
2021-06-02,45392,72.8550033569336
2021-06-03,44595,72.96510314941406
2021-06-04,45087,73.04419708251953
2021-06-07,45171,72.90969848632812
2021-06-08,44999,72.80940246582031
2021-06-09,45126,72.97530364990234
2021-06-10,45156,72.98529815673828
2021-06-11,44772,73.01229858398438
2021-06-14,44586,73.23159790039062
2021-06-15,44328,73.18080139160156
2021-06-16,44547,73.3447036743164
2021-06-17,42772,73.8240966796875
2021-06-18,42877,74.25389862060547
2021-06-21,43151,74.1438980102539
2021-06-22,43012,74.13520050048828
2021-06-23,43272,74.33219909667969
2021-06-24,43060,74.24690246582031
2021-06-25,43052,74.19029998779297
2021-06-28,43137,74.21299743652344
2021-06-29,42772,74.285400390625
2021-06-30,42967,74.28759765625
2021-07-01,43139,74.37100219726562
2021-07-02,43403,74.54499816894531
2021-07-05,43367,74.48179626464844
2021-07-06,43536,74.31780242919922
2021-07-07,43992,74.76290130615234
2021-07-08,43980,74.8218994140625
2021-07-09,44175,74.72139739990234
2021-07-12,43929,74.4905014038086
2021-07-13,44054,74.54170227050781
2021-07-14,44487,74.65910339355469
2021-07-15,44473,74.46910095214844
2021-07-16,44175,74.53700256347656
2021-07-19,44090,74.63179779052734
2021-07-20,44358,74.99340057373047
2021-07-21,43887,74.5270004272461
2021-07-22,43887,74.44020080566406
2021-07-23,43807,74.4520034790039
2021-07-26,43739,74.44889831542969
2021-07-27,43665,74.28949737548828
2021-07-28,43790,74.5022964477539
2021-07-29,44494,74.38999938964844
2021-07-30,43960,74.25199890136719
2021-08-02,44169,74.37909698486328
2021-08-03,43947,74.33200073242188
2021-08-04,43887,74.21440124511719
2021-08-05,43738,74.18399810791016
2021-08-06,42587,74.08200073242188
2021-08-09,41932,74.49140167236328
2021-08-10,42049,74.46620178222656
2021-08-11,42557,74.43550109863281
2021-08-12,42333,74.10299682617188
2021-08-13,43058,74.26010131835938
2021-08-16,43317,74.216796875
2021-08-17,43223,74.13500213623047
2021-08-18,43274,74.364501953125
2021-08-19,43185,74.2697982788086
2021-08-20,43297,74.4292984008789
2021-08-23,43762,74.30149841308594
2021-08-24,43705,74.10590362548828
2021-08-25,43306,74.1447982788086
2021-08-26,43377,74.0999984741211
2021-08-27,44001,74.15599822998047
2021-08-30,43427,73.49659729003906
2021-08-31,43520,73.41120147705078
2021-09-01,43229,72.99669647216797
2021-09-02,43117,72.98509979248047
2021-09-03,43688,73.0542984008789
2021-09-06,43652,72.99449920654297
2021-09-07,42886,73.11000061035156
2021-09-08,42925,73.3904037475586
2021-09-09,43320,73.78900146484375
2021-09-10,42985,73.53800201416016
2021-09-13,43035,73.52429962158203
2021-09-14,43350,73.54080200195312
2021-09-15,43119,73.65080261230469
2021-09-16,42087,73.43800354003906
2021-09-17,42035,73.56490325927734
2021-09-20,42409,73.69609832763672
2021-09-21,42729,73.65899658203125
2021-09-22,42823,73.7927017211914
2021-09-23,42171,73.8749008178711
2021-09-24,42200,73.83999633789062
2021-09-27,42191,73.81289672851562
2021-09-28,41856,73.82530212402344
2021-09-29,41701,74.16329956054688
2021-09-30,42611,74.3219985961914
2021-10-01,42613,74.25440216064453
2021-10-04,42778,74.152099609375
2021-10-05,42859,74.57279968261719
2021-10-06,42876,74.56320190429688
2021-10-07,42926,74.76000213623047
2021-10-08,42927,74.83000183105469
2021-10-11,43158,75.30580139160156
2021-10-12,43304,75.40260314941406
2021-10-13,44224,75.48390197753906
2021-10-14,44194,75.3062973022461
2021-10-15,43288,74.99500274658203
2021-10-18,43236,75.00589752197266
2021-10-19,43489,75.2354965209961
2021-10-20,43775,75.12010192871094
2021-10-21,43523,74.80919647216797
2021-10-22,43905,74.86540222167969
2021-10-25,44238,74.99369812011719
2021-10-26,43968,75.08989715576172
2021-10-27,43978,74.88890075683594
2021-10-28,44163,75.05000305175781
2021-10-29,43560,74.79720306396484
2021-11-01,43933,74.92829895019531
2021-11-02,43718,74.82990264892578
2021-11-03,43037,74.71199798583984
2021-11-04,43593,74.43550109863281
2021-11-05,44187,74.47810363769531
2021-11-08,44283,74.19110107421875
2021-11-09,44188,73.91850280761719
2021-11-10,44763,74.17479705810547
2021-11-11,45281,74.40489959716797
2021-11-12,45344,74.32209777832031
2021-11-15,45312,74.33999633789062
2021-11-16,45066,74.43509674072266
2021-11-17,45472,74.45860290527344
2021-11-18,45139,74.25980377197266
2021-11-19,44850,74.17440032958984
2021-11-22,43830,74.30259704589844
2021-11-23,43358,74.42980194091797
2021-11-24,43383,74.4469985961914
2021-11-25,43487,74.625
2021-11-26,43446,74.50579833984375
2021-11-29,43650,74.98159790039062
2021-11-30,43480,75.05490112304688
2021-12-01,43674,75.0509033203125
2021-12-02,43142,75.01789855957031
2021-12-03,43644,74.9834976196289
2021-12-06,43679,75.23400115966797
2021-12-07,43896,75.39129638671875
2021-12-08,43926,75.40859985351562
2021-12-09,43695,75.38330078125
2021-12-10,44025,75.59919738769531
2021-12-13,44173,75.70999908447266
2021-12-14,43848,75.82689666748047
2021-12-15,43781,76.04720306396484
2021-12-16,44722,76.2114028930664
2021-12-17,44876,76.1675033569336
2021-12-20,44530,76.00599670410156
2021-12-21,44241,75.75869750976562
2021-12-22,44538,75.6864013671875
2021-12-23,44640,75.45850372314453
2021-12-24,44409,75.06739807128906
2021-12-27,44479,75.31500244140625
2021-12-28,44333,74.98030090332031
2021-12-29,44069,74.74500274658203
2021-12-30,44151,74.57029724121094
2021-12-31,44429,74.43119812011719
2022-01-03,43794,74.51380157470703
2022-01-04,44084,74.4032974243164
2022-01-05,44420,74.53489685058594
2022-01-06,43485,74.43009948730469
2022-01-07,43680,74.41929626464844
2022-01-10,43627,74.2699966430664
2022-01-11,43990,74.05699920654297
2022-01-12,44054,73.81529998779297
2022-01-13,43900,73.79910278320312
2022-01-14,43889,73.97229766845703
2022-01-17,44130,74.37899780273438
2022-01-18,43955,74.25509643554688
2022-01-19,44922,74.61969757080078
2022-01-20,44804,74.44920349121094
2022-01-21,44546,74.45220184326172
2022-01-24,44763,74.41320037841797
2022-01-25,45171,74.6447982788086
2022-01-26,44696,74.77999877929688
2022-01-27,43869,74.8949966430664
2022-01-28,43847,75.20929718017578
2022-01-31,43995,75.03900146484375
2022-02-01,43841,74.55580139160156
2022-02-02,44170,74.74549865722656
2022-02-03,44064,74.82240295410156
2022-02-04,44046,74.6438980102539
2022-02-07,44387,74.64219665527344
2022-02-08,44542,74.6583023071289
2022-02-09,44774,74.69519805908203
2022-02-10,44867,74.80889892578125
2022-02-11,45418,75.53839874267578
2022-02-14,45969,75.34100341796875
2022-02-15,45852,75.6854019165039
2022-02-16,45921,75.17479705810547
2022-02-17,46588,75.04199981689453
2022-02-18,46549,75.06300354003906
2022-02-21,46313,74.68240356445312
2022-02-22,46393,74.51699829101562
2022-02-23,46535,74.62300109863281
2022-02-24,46929,74.63300323486328
2022-02-25,46465,75.4083023071289
2022-02-28,46572,75.06800079345703
2022-03-01,47764,75.28479766845703
2022-03-02,47559,75.80120086669922
2022-03-03,47786,75.63099670410156
2022-03-04,48712,75.8917007446289
2022-03-07,49768,76.41799926757812
2022-03-08,51363,77.08080291748047
2022-03-09,49891,76.91449737548828
2022-03-10,49688,76.13490295410156
2022-03-11,49419,76.310302734375
2022-03-14,49127,76.75370025634766
2022-03-15,48181,76.49009704589844
2022-03-16,47529,76.26589965820312
2022-03-17,48225,76.02420043945312
2022-03-18,47853,75.98159790039062
2022-03-21,47841,75.94640350341797
2022-03-22,47872,76.30709838867188
2022-03-23,48138,76.10189819335938
2022-03-24,49048,76.55239868164062
2022-03-25,48707,76.32350158691406
2022-03-28,48324,76.27850341796875
2022-03-29,47484,76.03410339355469
2022-03-30,47786,75.66670227050781
2022-03-31,48277,75.82779693603516
2022-04-01,47582,75.9092025756836
2022-04-04,47887,75.99479675292969
2022-04-05,47406,75.47799682617188
2022-04-06,47278,75.45069885253906
2022-04-07,47969,75.94509887695312
2022-04-08,48143,75.91320037841797
2022-04-11,48212,75.91729736328125
2022-04-12,48850,75.83699798583984
2022-04-13,49273,76.1498031616211
2022-04-14,49003,76.12169647216797
2022-04-15,49124,76.30879974365234
2022-04-18,49438,76.3313980102539
2022-04-19,48727,76.28019714355469
2022-04-20,48747,76.44539642333984
2022-04-21,48455,76.27619934082031
2022-04-22,48114,76.28520202636719
2022-04-25,47283,76.4635009765625
2022-04-26,47528,76.52780151367188
2022-04-27,47304,76.79409790039062
2022-04-28,47176,76.47219848632812
2022-04-29,47763,76.58899688720703
2022-05-02,46535,76.52310180664062
2022-05-03,46710,76.52410125732422
2022-05-04,46631,76.46730041503906
2022-05-05,46521,76.00160217285156
2022-05-06,47031,76.54180145263672
2022-05-09,46681,76.9574966430664
2022-05-10,46494,77.3655014038086
2022-05-11,46758,77.27140045166016
2022-05-12,46118,77.41840362548828
2022-05-13,45719,77.44380187988281
2022-05-16,45898,77.48629760742188
2022-05-17,46207,77.8053970336914
2022-05-18,45891,77.37239837646484
2022-05-19,46800,77.81999969482422
2022-05-20,46575,77.42109680175781
2022-05-23,46967,77.81839752197266
2022-05-24,47229,77.52680206298828
2022-05-25,46721,77.47879791259766
2022-05-26,46763,77.49729919433594
2022-05-27,46942,77.63020324707031
2022-05-30,46979,77.69200134277344
2022-05-31,46658,77.5208969116211
2022-06-01,46720,77.5989990234375
2022-06-02,47299,77.58409881591797
2022-06-03,46630,77.3604965209961
2022-06-06,46673,77.69419860839844
2022-06-07,46961,77.82099914550781
2022-06-08,46981,77.67060089111328
2022-06-09,46935,77.72429656982422
2022-06-10,47569,77.8187026977539
2022-06-13,46678,78.17759704589844
2022-06-14,46195,78.16059875488281
2022-06-15,46240,77.9854965209961
2022-06-16,46963,77.90019989013672
2022-06-17,46752,77.97769927978516
2022-06-20,46742,77.9614028930664
2022-06-21,46700,77.93399810791016
2022-06-22,46813,78.13490295410156
2022-06-23,46628,78.19309997558594
2022-06-24,46619,78.14240264892578
2022-06-27,46541,78.2522964477539
2022-06-28,46566,78.44110107421875
2022-06-29,46843,79.07319641113281
2022-06-30,46492,78.89830017089844
2022-07-01,46396,78.96299743652344
2022-07-04,46389,78.95069885253906
2022-07-05,45426,78.93949890136719
2022-07-06,44975,79.36840057373047
2022-07-07,44869,79.04389953613281
2022-07-08,45040,79.22160339355469
2022-07-11,44827,79.3313980102539
2022-07-12,44736,79.47779846191406
2022-07-13,45018,79.47640228271484
2022-07-14,44432,79.80750274658203
2022-07-15,44416,79.87830352783203
2022-07-18,44506,79.72049713134766
2022-07-19,44700,80.0302963256836
2022-07-20,44328,79.85590362548828
2022-07-21,44755,80.00340270996094
2022-07-22,45003,79.7759017944336
2022-07-25,44849,79.87680053710938
2022-07-26,44728,79.72250366210938
2022-07-27,44831,79.84120178222656
2022-07-28,45648,79.84739685058594
2022-07-29,45818,79.57150268554688
2022-08-01,45759,79.1948013305664
2022-08-02,45675,78.95570373535156
2022-08-03,45136,78.60449981689453
2022-08-04,46219,79.11830139160156
2022-08-05,45837,79.15489959716797
2022-08-08,46345,79.41059875488281
2022-08-09,46644,79.60189819335938
2022-08-10,46672,79.57839965820312
2022-08-11,46238,79.0978012084961
2022-08-12,46771,79.61399841308594
2022-08-15,46332,79.62760162353516
2022-08-16,46075,79.55290222167969
2022-08-17,45506,79.14600372314453
2022-08-18,45499,79.35970306396484
2022-08-19,45532,79.7667007446289
2022-08-22,45263,79.91790008544922
2022-08-23,45578,79.88379669189453
2022-08-24,45587,79.85449981689453
2022-08-25,45812,79.79679870605469
2022-08-26,45298,79.88289642333984
2022-08-29,45354,79.95909881591797
2022-08-30,45009,79.96790313720703
2022-08-31,44578,79.68229675292969
2022-09-01,44082,79.54879760742188
2022-09-02,44519,79.716796875
2022-09-05,44524,79.72450256347656
2022-09-06,44311,79.78299713134766
2022-09-07,44762,79.89510345458984
2022-09-08,44435,79.6498031616211
2022-09-09,44680,79.706298828125
2022-09-12,44961,79.65579986572266
2022-09-13,44193,79.35530090332031
2022-09-14,44110,79.60240173339844
2022-09-15,43220,79.45369720458984
2022-09-16,43599,79.8490982055664
2022-09-19,43369,79.68949890136719
2022-09-20,43210,79.7074966430664
2022-09-21,43367,79.76270294189453
2022-09-22,43686,80.05069732666016
2022-09-23,43563,81.06220245361328
2022-09-26,43082,81.25479888916016
2022-09-27,43364,81.61579895019531
2022-09-28,44322,81.72460174560547
2022-09-29,44111,81.42870330810547
2022-09-30,44243,81.48059844970703
2022-10-03,45077,81.52130126953125
2022-10-04,45813,81.49500274658203
2022-10-05,45538,81.46549987792969
2022-10-06,45649,81.6488037109375
2022-10-07,45739,82.3489990234375
2022-10-10,45109,82.8322982788086
2022-10-11,45192,82.42070007324219
2022-10-12,44886,82.2739028930664
2022-10-13,44837,82.19999694824219
2022-10-14,44073,82.19210052490234
2022-10-17,44604,82.41280364990234
2022-10-18,44271,82.1947021484375
2022-10-19,43742,82.2863998413086
2022-10-20,44209,82.99700164794922
2022-10-21,44665,82.82569885253906
2022-10-24,44449,82.54129791259766
2022-10-25,44679,82.7614974975586
2022-10-26,44810,82.44529724121094
2022-10-27,44506,82.04959869384766
2022-10-28,44151,82.44249725341797
2022-10-31,43943,82.23919677734375
2022-11-01,44450,82.72899627685547
2022-11-02,44445,82.68450164794922
2022-11-03,44057,82.88839721679688
2022-11-04,45168,82.68180084228516
2022-11-07,44889,81.9749984741211
2022-11-08,45759,81.82599639892578
2022-11-09,45470,81.40519714355469
2022-11-10,46504,81.34380340576172
2022-11-11,46424,80.48290252685547
2022-11-14,46632,80.49700164794922
2022-11-15,46924,80.99199676513672
2022-11-16,46949,81.07140350341797
2022-11-17,46870,81.49530029296875
2022-11-18,46650,81.52490234375
2022-11-21,46261,81.5198974609375
2022-11-22,46403,81.72769927978516
2022-11-23,46572,81.71499633789062
2022-11-24,46525,81.63289642333984
2022-11-25,46762,81.65540313720703
2022-11-28,46418,81.6697006225586
2022-11-29,46628,81.65029907226562
2022-11-30,46553,81.63089752197266
2022-12-01,47831,81.3052978515625
2022-12-02,47609,81.16220092773438
2022-12-05,47004,81.42250061035156
2022-12-06,47330,81.89900207519531
2022-12-07,48039,82.37220001220703
2022-12-08,48056,82.25350189208984
2022-12-09,48323,82.2791976928711
2022-12-12,47928,82.41300201416016
2022-12-13,48964,82.64469909667969
2022-12-14,48649,82.40249633789062
2022-12-15,47894,82.50800323486328
2022-12-16,48444,82.85790252685547
2022-12-19,48305,82.72599792480469
2022-12-20,48981,82.58190155029297
2022-12-21,49014,82.63690185546875
2022-12-22,48375,82.87860107421875
2022-12-23,48614,82.8749008178711
2022-12-26,48455,82.6041030883789
2022-12-27,49142,82.90290069580078
2022-12-28,48880,82.7761001586914
2022-12-29,49239,82.85199737548828
2022-12-30,49234,82.83509826660156
2023-01-02,49184,82.74980163574219
2023-01-03,49698,82.70600128173828
2023-01-04,50100,82.78569793701172
2023-01-05,49542,82.66649627685547
2023-01-06,50323,82.64520263671875
2023-01-09,50325,82.27339935302734
2023-01-10,50238,82.18009948730469
2023-01-11,49986,81.63739776611328
2023-01-12,50540,81.63179779052734
2023-01-13,50827,81.1156005859375
2023-01-16,50929,81.27799987792969
2023-01-17,50865,81.65260314941406
2023-01-18,50711,81.52549743652344
2023-01-19,51126,81.43599700927734
2023-01-20,51117,81.23979949951172
2023-01-23,50970,80.97599792480469
2023-01-24,51473,81.48799896240234
2023-01-25,51740,81.60189819335938
2023-01-26,51355,81.50270080566406
2023-01-27,51305,81.44509887695312
2023-01-30,51193,81.50800323486328
2023-01-31,51414,81.57990264892578
2023-02-01,51487,81.76840209960938
2023-02-02,51144,81.71029663085938
2023-02-03,49923,82.0458984375
2023-02-06,50121,82.22599792480469
2023-02-07,50592,82.75499725341797
2023-02-08,50738,82.74189758300781
2023-02-09,50385,82.65950012207031
2023-02-10,50217,82.533203125
2023-02-13,49911,82.51300048828125
2023-02-14,50018,82.59739685058594
2023-02-15,49646,82.86759948730469
2023-02-16,49779,82.73770141601562
2023-02-17,49710,82.69529724121094
2023-02-20,49748,82.75800323486328
2023-02-21,49512,82.69750213623047
2023-02-22,49583,82.86119842529297
2023-02-23,49188,82.83529663085938
2023-02-24,48811,82.6178970336914
2023-02-27,49210,82.91799926757812
2023-02-28,49374,82.6520004272461
2023-03-01,49601,82.6353988647461
2023-03-02,49359,82.4198989868164
2023-03-03,49702,82.35569763183594
2023-03-06,49320,81.7125015258789
2023-03-07,48496,81.85440063476562
2023-03-08,48595,82.07460021972656
2023-03-09,48974,81.9645004272461
2023-03-10,49882,82.01840209960938
2023-03-13,51176,81.95800018310547
2023-03-14,51315,82.41739654541016
2023-03-15,51793,82.30490112304688
2023-03-16,51846,82.7156982421875
2023-03-17,53159,82.622802734375
2023-03-20,53354,82.53299713134766
2023-03-21,52241,82.52909851074219
2023-03-22,52573,82.677001953125
2023-03-23,53743,82.52580261230469
2023-03-24,53259,82.26529693603516
2023-03-27,52508,82.33879852294922
2023-03-28,52966,82.21489715576172
2023-03-29,52765,82.16429901123047
2023-03-30,53205,82.25540161132812
2023-03-31,52801,82.10050201416016
2023-04-03,53256,82.18479919433594
2023-04-04,54255,82.14089965820312
2023-04-05,54203,82.11479949951172
2023-04-06,53853,81.94999694824219
2023-04-07,53775,81.831298828125
2023-04-10,53200,81.88480377197266
2023-04-11,53685,81.98390197753906
2023-04-12,53905,82.07009887695312
2023-04-13,54647,81.96060180664062
2023-04-14,53417,81.68070220947266
2023-04-17,53311,81.84480285644531
2023-04-18,53768,82.00370025634766
2023-04-19,53509,82.10790252685547
2023-04-20,53994,82.34010314941406
2023-04-21,53109,82.14089965820312
2023-04-24,53311,82.05480194091797
2023-04-25,53310,81.85230255126953
2023-04-26,53179,81.9916000366211
2023-04-27,53145,81.76689910888672
2023-04-28,53149,81.76509857177734
2023-05-01,52957,81.74479675292969
2023-05-02,53802,81.77469635009766
2023-05-03,54186,81.77870178222656
2023-05-04,54705,81.77999877929688
2023-05-05,53846,81.71610260009766
2023-05-08,54093,81.72979736328125
2023-05-09,54395,81.78710174560547
2023-05-10,54454,82.1050033569336
2023-05-11,53908,81.9198989868164
2023-05-12,54021,82.10030364990234
2023-05-15,54181,82.20030212402344
2023-05-16,53429,82.2667007446289
2023-05-17,53242,82.2959976196289
2023-05-18,52690,82.45030212402344
2023-05-19,53465,82.72509765625
2023-05-22,53476,82.90480041503906
2023-05-23,53359,82.82499694824219
2023-05-24,53142,82.8906021118164
2023-05-25,52496,82.71369934082031
2023-05-26,52541,82.74210357666016
2023-05-29,52435,82.57479858398438
2023-05-30,52813,82.57969665527344
2023-05-31,53039,82.68389892578125
2023-06-01,53409,82.66680145263672
2023-06-02,52469,82.27670288085938
2023-06-05,52704,82.40979766845703
2023-06-06,52971,82.51119995117188
2023-06-07,52360,82.51719665527344
2023-06-08,52988,82.61810302734375
2023-06-09,52867,82.48829650878906
2023-06-12,52654,82.4448013305664
2023-06-13,52297,82.33719635009766
2023-06-14,52555,82.29039764404297
2023-06-15,52465,82.04499816894531
2023-06-16,52397,81.9126968383789
2023-06-19,52398,81.91480255126953
2023-06-20,51828,81.98139953613281
2023-06-21,51775,81.9917984008789
2023-06-22,51192,81.94149780273438
2023-06-23,51350,81.91929626464844
2023-06-26,51514,81.98480224609375
2023-06-27,51268,82.00650024414062
2023-06-28,51217,81.99839782714844
2023-06-29,51152,82.02649688720703
2023-06-30,51501,82.07540130615234
2023-07-03,51530,82.09629821777344
2023-07-04,51438,81.95010375976562
2023-07-05,51418,82.0071029663086
2023-07-06,51367,82.39409637451172
2023-07-07,52074,82.76840209960938
2023-07-10,51945,82.61530303955078
2023-07-11,52058,82.52529907226562
2023-07-12,52649,82.39990234375
2023-07-13,52475,82.00180053710938
2023-07-14,52518,82.03079986572266
2023-07-17,52341,82.07679748535156
2023-07-18,52996,82.06159973144531
2023-07-19,53013,82.07540130615234
2023-07-20,52758,82.06169891357422
2023-07-21,52664,82.0823974609375
2023-07-24,52497,81.99030303955078
2023-07-25,52433,81.81420135498047
2023-07-26,52702,81.95010375976562
2023-07-27,52089,81.97550201416016
2023-07-28,52746,82.3749008178711
2023-07-31,52940,82.25279998779297
2023-08-01,52127,82.2332992553711
2023-08-02,52085,82.30729675292969
2023-08-03,52208,82.7332992553711
2023-08-04,52446,82.7843017578125
2023-08-07,52225,82.69529724121094
2023-08-08,52004,82.74829864501953
2023-08-09,51830,82.84500122070312
2023-08-10,51816,82.86630249023438
2023-08-11,51734,82.79989624023438
2023-08-14,51732,82.89730072021484
2023-08-15,51722,83.2333984375
2023-08-16,51524,83.19419860839844
2023-08-17,51224,83.23699951171875
2023-08-18,51193,83.09829711914062
2023-08-21,51431,83.16729736328125
2023-08-22,51482,83.1135025024414
2023-08-23,52057,83.07330322265625
2023-08-24,51717,82.5447006225586
2023-08-25,51586,82.64140319824219
2023-08-28,51784,82.66429901123047
2023-08-29,52304,82.69149780273438
2023-08-30,52389,82.49469757080078
2023-08-31,52355,82.70040130615234
2023-09-01,52387,82.68240356445312
2023-09-04,52396,82.6969985961914
2023-09-05,52053,82.7345962524414
2023-09-06,52054,83.08609771728516
2023-09-07,52145,83.25740051269531
2023-09-08,52159,83.24150085449219
2023-09-11,52161,83.03130340576172
2023-09-12,51780,82.94329833984375
2023-09-13,51658,82.84300231933594
2023-09-14,51741,82.93679809570312
2023-09-15,52169,83.0282974243164
2023-09-18,52417,83.08580017089844
2023-09-19,52538,83.25489807128906
2023-09-20,52869,83.19499969482422
2023-09-21,52084,83.08699798583984
2023-09-22,52129,82.89129638671875
2023-09-25,51943,82.97480010986328
2023-09-26,51538,83.0282974243164
2023-09-27,50922,83.29869842529297
2023-09-28,50571,83.22270202636719
2023-09-29,50219,83.19300079345703
2023-10-02,49632,83.03479766845703
2023-10-03,49679,83.3593978881836
2023-10-04,49436,83.22979736328125
2023-10-05,49515,83.44979858398438
2023-10-06,49751,83.22489929199219
2023-10-09,50215,83.12460327148438
2023-10-10,50616,83.27030181884766
2023-10-11,50925,83.25029754638672
2023-10-12,50810,83.21800231933594
2023-10-13,52417,83.26239776611328
2023-10-16,52258,83.28230285644531
2023-10-17,52250,83.19950103759766
2023-10-18,53177,83.26429748535156
2023-10-19,53536,83.26860046386719
2023-10-20,53825,83.12229919433594
2023-10-23,53681,83.15979766845703
2023-10-24,53561,83.02940368652344
2023-10-25,53781,82.98780059814453
2023-10-26,53984,83.1709976196289
2023-10-27,54095,83.28250122070312
2023-10-30,54387,83.41339874267578
2023-10-31,54011,83.29650115966797
2023-11-01,53825,83.2771987915039
2023-11-02,55253,85.19400024414062
2023-11-03,54151,83.24729919433594
2023-11-06,53824,83.15850067138672
2023-11-07,53463,83.2228012084961
2023-11-08,53054,83.23269653320312
2023-11-09,53389,83.21769714355469
2023-11-10,52595,83.31939697265625
2023-11-13,52933,83.29889678955078
2023-11-14,53311,83.19760131835938
2023-11-15,53127,82.98159790039062
2023-11-16,53904,83.18620300292969
2023-11-17,53799,83.12030029296875
2023-11-20,53804,83.29149627685547
2023-11-21,54412,83.32219696044922
2023-11-22,54212,83.345703125
2023-11-23,54344,83.54830169677734
2023-11-24,54505,83.34400177001953
2023-11-27,54747,83.31449890136719
2023-11-28,55539,83.364501953125
2023-11-29,55777,83.41809844970703
2023-11-30,55473,83.3302993774414
2023-12-01,56384,83.35269927978516
2023-12-04,55018,83.21859741210938
2023-12-05,54997,83.41709899902344
2023-12-06,55257,83.31590270996094
2023-12-07,55223,83.28959655761719
2023-12-08,54406,83.35489654541016
2023-12-11,53902,83.43009948730469
2023-12-12,53840,83.34349822998047
2023-12-13,53997,83.39600372314453
2023-12-14,55228,83.2853012084961
2023-12-15,54988,83.29660034179688
2023-12-18,54961,83.04170227050781
2023-12-19,55335,83.11119842529297
2023-12-20,55216,83.09159851074219
2023-12-21,55458,83.26719665527344
2023-12-22,55857,83.13159942626953
2023-12-25,55879,83.16500091552734
2023-12-26,55914,83.17230224609375
2023-12-27,56565,83.18280029296875
2023-12-28,56405,83.26719665527344
2023-12-29,55442,82.302001953125
2024-01-01,56079,83.24859619140625
2024-01-02,56103,83.20259857177734
2024-01-03,55318,83.25700378417969
2024-01-04,55579,83.31809997558594
2024-01-05,55530,83.2406005859375
2024-01-08,55068,83.19110107421875
2024-01-09,54969,83.05069732666016
2024-01-10,54895,83.131103515625
2024-01-11,54625,83.02559661865234
2024-01-12,55537,83.07610321044922
2024-01-15,55401,82.87210083007812
2024-01-16,54832,82.8593978881836
2024-01-17,54349,83.08899688720703
2024-01-18,54842,83.17759704589844
2024-01-19,55045,83.16059875488281
2024-01-22,54839,83.12470245361328
2024-01-23,54926,83.09510040283203
2024-01-24,54743,83.22139739990234
2024-01-25,54743,83.09760284423828
2024-01-26,54772,83.14610290527344
2024-01-29,54984,83.12129974365234
2024-01-30,55176,83.1530990600586
2024-01-31,55606,83.10970306396484
2024-02-01,55693,83.05359649658203
2024-02-02,55151,82.92759704589844
2024-02-05,54917,82.99929809570312
2024-02-06,55224,83.10369873046875
2024-02-07,55221,83.07060241699219
2024-02-08,55102,83.01260375976562
2024-02-09,54842,82.98529815673828
2024-02-12,54723,83.0145034790039
2024-02-13,54021,82.99019622802734
2024-02-14,54006,83.07460021972656
2024-02-15,54305,83.04309844970703
2024-02-16,54538,83.00959777832031
2024-02-19,54543,83.01599884033203
2024-02-20,54980,83.02100372314453
2024-02-21,54712,82.8291015625
2024-02-22,54714,82.93840026855469
2024-02-23,55182,82.87229919433594
2024-02-26,54915,82.88179779052734
2024-02-27,55044,82.85199737548828
2024-02-28,55080,82.94819641113281
2024-02-29,55400,82.91190338134766
2024-03-01,56515,82.910400390625
2024-03-04,57305,82.84609985351562
2024-03-05,57777,82.9104995727539
2024-03-06,58214,82.88480377197266
2024-03-07,58376,82.81909942626953
2024-03-08,58886,82.7522964477539
2024-03-11,58991,82.7520980834961
2024-03-12,58412,82.7782974243164
2024-03-13,58858,82.83509826660156
2024-03-14,58520,82.83110046386719
2024-03-15,58460,82.9655990600586
2024-03-18,58498,82.88890075683594
2024-03-19,58362,82.86360168457031
2024-03-20,58531,83.04239654541016
2024-03-21,59204,83.05460357666016
2024-03-22,58666,83.22660064697266
2024-03-25,59381,83.59359741210938
2024-03-26,59277,83.41739654541016
2024-03-27,59635,83.34549713134766
2024-03-28,60378,83.36499786376953
2024-03-29,60399,83.39299774169922
2024-04-01,60898,83.36479949951172
2024-04-02,61599,83.40969848632812
2024-04-03,62464,83.35030364990234
2024-04-04,62329,83.37329864501953
2024-04-05,63413,83.47779846191406
2024-04-08,63439,83.29679870605469
2024-04-09,63739,83.26959991455078
2024-04-10,63326,83.22429656982422
2024-04-11,64156,83.4126968383789
2024-04-12,64146,83.34929656982422
2024-04-15,64609,83.61109924316406
2024-04-16,65210,83.50599670410156
2024-04-17,64814,83.6675033569336
2024-04-18,65048,83.5958023071289
2024-04-19,65448,83.54499816894531
2024-04-22,63520,83.38529968261719
2024-04-23,63398,83.38619995117188
2024-04-24,63233,83.2833023071289
2024-04-25,63420,83.3405990600586
2024-04-26,63527,83.30180358886719
2024-04-29,63892,83.40229797363281
2024-04-30,62458,83.45110321044922
2024-05-01,62725,83.49839782714844
2024-05-02,62637,83.40640258789062
2024-05-03,62631,83.40630340576172
2024-05-06,63227,83.37999725341797
2024-05-07,63123,83.4728012084961
2024-05-08,63077,83.46990203857422
2024-05-09,63577,83.46430206298828
2024-05-10,64533,83.45939636230469
2024-05-13,63732,83.5248031616211
2024-05-14,64190,83.50550079345703
2024-05-15,65167,83.52420043945312
2024-05-16,64837,83.40509796142578
2024-05-17,65766,83.47010040283203
2024-05-20,66222,83.30039978027344
2024-05-21,65902,83.31500244140625
2024-05-22,65019,83.31680297851562
2024-05-23,63506,83.26709747314453
2024-05-24,63453,83.2863998413086
2024-05-27,63274,83.05220031738281
2024-05-28,63962,83.14569854736328
2024-05-29,63604,83.20649719238281
2024-05-30,63796,83.3656005859375
2024-05-31,63218,83.3208999633789
2024-06-03,63962,83.45079803466797
2024-06-04,63116,83.09339904785156
2024-06-05,64304,83.62940216064453
2024-06-06,64554,83.38079833984375
2024-06-07,62851,83.47309875488281
2024-06-10,62960,83.52760314941406
2024-06-11,62956,83.52980041503906
2024-06-12,63785,83.5968017578125
2024-06-13,62760,83.5343017578125
2024-06-14,63602,83.52210235595703
2024-06-17,63106,83.55180358886719
2024-06-18,63566,83.51010131835938
2024-06-19,63462,83.37409973144531
2024-06-20,64134,83.41950225830078
2024-06-21,63253,83.60160064697266
2024-06-24,63595,83.5625
2024-06-25,63152,83.46040344238281
2024-06-26,62643,83.41459655761719
2024-06-27,63458,83.58039855957031
2024-06-28,63447,83.45089721679688
2024-07-01,63381,83.36750030517578
2024-07-02,63312,83.44129943847656
2024-07-03,64344,83.4791030883789
2024-07-04,64353,83.49120330810547
2024-07-05,65138,83.49340057373047
2024-07-08,64213,83.47209930419922
2024-07-09,64335,83.45760345458984
2024-07-10,64693,83.49299621582031
2024-07-11,65862,83.49590301513672
2024-07-12,65853,83.51850128173828
2024-07-15,66097,83.52030181884766
2024-07-16,67229,83.58760070800781
2024-07-17,66975,83.52960205078125
2024-07-18,66927,83.57209777832031
2024-07-19,65470,83.67430114746094
2024-07-22,65418,83.73030090332031
2024-07-23,65716,83.67130279541016
2024-07-24,65982,83.70680236816406
2024-07-25,64331,83.74299621582031
2024-07-26,65096,83.73760223388672
2024-07-29,65014,83.72779846191406
2024-07-30,65789,83.75050354003906
2024-07-31,66369,83.73899841308594
2024-08-01,66584,83.7177963256836
2024-08-02,66351,83.743896484375
2024-08-05,65687,83.73529815673828
2024-08-06,65551,84.00260162353516
2024-08-07,65537,83.93489837646484
2024-08-08,66412,83.94239807128906
2024-08-09,66720,83.98899841308594
2024-08-12,67520,83.94979858398438
2024-08-13,67590,83.88999938964844
2024-08-14,66835,83.88200378417969
2024-08-15,67282,83.97149658203125
2024-08-16,68511,83.94830322265625
2024-08-19,68551,83.88980102539062
2024-08-20,68802,83.87860107421875
2024-08-21,68642,83.77940368652344
2024-08-22,67923,83.88860321044922
2024-08-23,68774,83.94059753417969
2024-08-26,68924,83.81379699707031
2024-08-27,68935,83.88369750976562
2024-08-28,68555,83.92160034179688
2024-08-29,69249,83.94149780273438
2024-08-30,68336,83.89510345458984
2024-09-02,68311,83.86380004882812
2024-09-03,68256,83.92729949951172
2024-09-04,68370,83.95030212402344
2024-09-05,68890,83.98249816894531
2024-09-06,68400,83.98359680175781
2024-09-09,68627,83.98259735107422
2024-09-10,68914,83.98090362548828
2024-09-11,68909,83.98200225830078
2024-09-12,69991,83.99259948730469
2024-09-13,70768,83.93479919433594
2024-09-16,70701,83.88480377197266
2024-09-17,70259,83.88400268554688
2024-09-18,70339,83.77059936523438
2024-09-19,70746,83.69170379638672
2024-09-20,71552,83.61470031738281
2024-09-23,71623,83.48709869384766
2024-09-24,72359,83.55960083007812
2024-09-25,72584,83.56759643554688
2024-09-26,72926,83.62409973144531
2024-09-27,72220,83.61710357666016
2024-09-30,72082,83.71640014648438
2024-10-01,73032,83.82730102539062
2024-10-02,72517,83.87210083007812
2024-10-03,72833,83.91960144042969
2024-10-04,72600,84.0093994140625
2024-10-07,72589,84.02780151367188
2024-10-08,71717,83.96410369873047
2024-10-09,71428,83.91459655761719
2024-10-10,71851,83.94219970703125
2024-10-11,72869,83.94599914550781
2024-10-14,72793,84.16829681396484
2024-10-15,73062,84.04850006103516
2024-10-16,73415,84.05619812011719
2024-10-17,73867,84.03929901123047
2024-10-18,74503,84.05380249023438
2024-10-21,74774,84.0687026977539
2024-10-22,75358,84.07350158691406
2024-10-23,74549,84.08399963378906
2024-10-24,75097,84.06759643554688
2024-10-25,75275,84.08180236816406
2024-10-28,75348,84.10199737548828
2024-10-29,76049,84.10279846191406
2024-10-30,76589,84.08930206298828
2024-10-31,75210,84.08910369873047
2024-11-01,75220,84.09149932861328
2024-11-04,75189,84.13359832763672
2024-11-05,75322,84.15249633789062
2024-11-06,73292,84.11630249023438
2024-11-07,74257,84.2511978149414
2024-11-08,74005,84.306396484375
2024-11-11,71970,84.38289642333984
2024-11-12,71672,84.39649963378906
2024-11-13,71142,84.39530181884766
2024-11-14,70818,84.4229965209961
2024-11-15,70792,84.47380065917969
2024-11-18,72034,84.47750091552734
2024-11-19,72421,84.39849853515625
2024-11-20,73002,84.39759826660156
2024-11-21,73648,84.38310241699219
2024-11-22,74783,84.48829650878906
2024-11-25,72169,84.43599700927734
2024-11-26,72216,84.37750244140625
2024-11-27,72723,84.33910369873047
2024-11-28,72793,84.42030334472656
2024-11-29,73309,84.47160339355469
2024-12-02,72773,84.55699920654297
2024-12-03,73199,84.73709869384766
2024-12-04,73404,84.68309783935547
2024-12-05,72672,84.70700073242188
2024-12-06,72984,84.68379974365234
2024-12-09,73696,84.66600036621094
2024-12-10,74760,84.84729766845703
2024-12-11,75787,84.8740005493164
2024-12-12,74489,84.85710144042969
2024-12-13,73600,84.83920288085938
2024-12-16,73441,84.802001953125
2024-12-17,73346,84.91729736328125
2024-12-18,73125,84.91539764404297
2024-12-19,72108,85.16549682617188
2024-12-20,73222,85.27940368652344
2024-12-23,72479,84.94499969482422
2024-12-24,72825,85.0988998413086
2024-12-25,72896,85.18150329589844
2024-12-26,73618,85.41339874267578
2024-12-27,72885,85.26090240478516
2024-12-30,72683,85.38600158691406
2024-12-31,73671,85.7865982055664
2025-01-02,74503,85.78569793701172
2025-01-03,74129,85.80400085449219
2025-01-06,73905,85.75900268554688
2025-01-07,74350,85.68070220947266
2025-01-08,74678,85.80650329589844
2025-01-09,75307,85.90750122070312
2025-01-10,76011,85.91999816894531
2025-01-13,75263,86.18800354003906
2025-01-14,75780,86.65059661865234
2025-01-15,76669,86.535400390625
2025-01-16,77533,86.43099975585938
2025-01-17,77631,86.6061019897461
2025-01-20,77598,86.56900024414062
2025-01-21,77578,86.21109771728516
2025-01-22,78151,86.45189666748047
2025-01-23,78042,86.47270202636719
2025-01-24,78414,86.44020080566406
2025-01-27,77078,86.2030029296875
2025-01-28,78143,86.46839904785156
2025-01-29,78313,86.58460235595703
2025-01-30,79889,86.6406021118164
2025-01-31,79598,86.64700317382812
2025-02-03,80117,86.55400085449219
2025-02-04,81029,86.94339752197266
2025-02-05,81723,87.13009643554688
2025-02-06,81470,87.33409881591797
2025-02-07,82030,87.58830261230469
2025-02-10,83303,87.51309967041016
2025-02-11,83230,87.49009704589844
2025-02-12,82485,86.81120300292969
2025-02-13,83024,86.8740005493164
2025-02-14,81711,86.75409698486328
2025-02-17,81410,86.43460083007812
2025-02-18,83167,86.85479736328125
2025-02-19,82852,86.88719940185547
2025-02-20,83423,86.872802734375
2025-02-21,82950,86.45120239257812
2025-02-24,83317,86.52940368652344
2025-02-25,82242,86.69010162353516
2025-02-26,82963,87.0811996459961
2025-02-27,82084,87.16220092773438
2025-02-28,80916,87.3270034790039
2025-03-03,82568,87.46399688720703
2025-03-04,82995,87.32959747314453
2025-03-05,83050,87.21700286865234
2025-03-06,82775,86.88929748535156
2025-03-07,82664,87.12879943847656
2025-03-10,82222,87.07379913330078
2025-03-11,83113,87.3551025390625
2025-03-12,83712,87.20010375976562
2025-03-13,85136,87.3405990600586
2025-03-14,85018,86.9220962524414
2025-03-17,85190,86.93900299072266
2025-03-18,86165,86.91639709472656
2025-03-19,85850,86.57610321044922
2025-03-20,85729,86.33709716796875
2025-03-21,85113,86.33609771728516
2025-03-24,84625,85.98699951171875
2025-03-25,84474,85.53209686279297
2025-03-26,84453,85.59040069580078
2025-03-27,86057,86.09539794921875
2025-03-28,86392,85.69490051269531
2025-03-31,87249,85.53880310058594
2025-04-01,87068,85.46810150146484
2025-04-02,87800,85.61009979248047
2025-04-03,86642,85.65119934082031
2025-04-04,83902,85.28289794921875
2025-04-07,82449,85.529296875
2025-04-08,83409,86.0270004272461
2025-04-09,86292,86.435302734375
2025-04-10,88846,86.20929718017578
2025-04-11,90786,86.2603988647461
2025-04-14,90225,86.19300079345703
2025-04-15,90461,86.0447998046875
2025-04-16,93148,85.72669982910156
2025-04-17,92532,85.62049865722656
2025-04-21,95258,85.62049865722656
2025-04-22,94595,85.15889739990234
2025-04-23,91210,85.2323989868164
2025-04-24,93052,85.4999008178711
2025-04-25,91407,85.2573013305664
2025-04-28,92941,85.38490295410156
2025-04-29,92315,85.1603012084961
2025-04-30,91943,85.1707992553711
2025-05-01,88629,84.53119659423828
2025-05-02,89409,84.69670104980469
2025-05-05,91421,84.52629852294922
2025-05-06,93844,84.2208023071289
2025-05-07,93651,84.79319763183594
2025-05-08,91328,84.81719970703125
2025-05-09,93781,86.08219909667969
2025-05-12,89828,85.4083023071289
2025-05-13,89926,84.9656982421875
2025-05-14,88389,85.060302734375
2025-05-15,89931,85.48760223388672
2025-05-16,88806,85.44490051269531
2025-05-19,90173,85.50029754638672
2025-05-20,91471,85.37210083007812
2025-05-21,92457,85.53610229492188
2025-05-22,92051,85.60030364990234
2025-05-23,94456,85.97489929199219
2025-05-26,93604,85.19930267333984
2025-05-27,91765,85.158203125
2025-05-28,91830,85.3604965209961
2025-05-29,92512,85.38590240478516
2025-05-30,91699,85.36129760742188
2025-06-02,94157,85.52429962158203
2025-06-03,93411,85.36370086669922
2025-06-04,94441,85.70880126953125
2025-06-05,94017,85.9041976928711
2025-06-06,93202,85.87750244140625
2025-06-09,93365,85.7853012084961
2025-06-10,93020,85.75599670410156
2025-06-11,92919,85.65280151367188
2025-06-12,94384,85.46980285644531
2025-06-13,96034,85.68840026855469
2025-06-16,95682,86.24919891357422
2025-06-17,95245,86.10420227050781
2025-06-18,95621,86.36270141601562
2025-06-19,95899,86.61360168457031
2025-06-20,95253,86.58380126953125
2025-06-23,95520,86.5802993774414
2025-06-24,93439,86.23300170898438
2025-06-25,93355,85.90480041503906
2025-06-26,93645,86.006103515625
2025-06-27,91602,85.66639709472656
2025-06-30,91954,85.4552993774414
2025-07-01,93417,85.71399688720703
2025-07-02,93655,85.6427993774414
2025-07-03,93252,85.69409942626953
2025-07-04,92869,85.31909942626953
2025-07-07,93054,85.49629974365234
2025-07-08,92777,85.89199829101562
2025-07-09,92707,85.7073974609375
2025-07-10,92870,85.70850372314453
2025-07-11,93980,85.73480224609375
2025-07-14,93948,85.82129669189453
2025-07-15,93500,85.96839904785156
2025-07-16,94165,85.99310302734375
2025-07-17,93699,85.88520050048828
2025-07-18,94237,86.04650115966797
2025-07-21,95725,86.14859771728516
2025-07-22,96827,86.19529724121094
2025-07-23,95721,86.3427963256836
2025-07-24,95131,86.39869689941406
2025-07-25,94121,86.4302978515625
2025-07-28,93500,86.506103515625
2025-07-29,94199,86.77760314941406
2025-07-30,93724,87.06320190429688
2025-07-31,94351,87.714599609375
2025-08-01,95666,87.4894027709961
2025-08-04,96160,87.24530029296875
2025-08-05,97089,87.89330291748047
2025-08-06,96847,87.72309875488281
2025-08-07,97472,87.76249694824219
2025-08-08,98215,87.43319702148438
2025-08-11,95819,87.48829650878906
2025-08-12,95892,87.66449737548828
2025-08-13,96097,87.59559631347656
2025-08-14,95266,87.44999694824219
2025-08-15,95552,87.69180297851562
2025-08-18,95234,87.51280212402344
2025-08-19,94475,87.29509735107422
2025-08-20,95095,87.0791015625
2025-08-21,94844,87.01820373535156
2025-08-22,96213,87.29340362548828
2025-08-25,96236,87.3301010131836
2025-08-26,96967,87.60859680175781
2025-08-27,97416,87.60070037841797
2025-08-28,98259,87.65910339355469
2025-08-29,99383,87.5916976928711
2025-09-01,100044,88.17430114746094
2025-09-02,102023,88.00140380859375
2025-09-03,103279,87.99829864501953
2025-09-04,102578,88.072998046875
2025-09-05,104083,88.19290161132812
2025-09-08,104793,88.1863021850586
2025-09-09,104698,87.98049926757812
2025-09-10,104989,88.21829986572266
2025-09-11,104600,88.05339813232422
2025-09-12,105215,88.2676010131836
2025-09-15,106172,88.27729797363281
2025-09-16,106180,88.12349700927734
2025-09-17,105689,87.88459777832031
2025-09-18,104626,87.91069793701172
2025-09-19,105779,88.20690155029297
2025-09-22,107642,88.09919738769531
2025-09-23,109043,88.30439758300781
2025-09-24,108258,88.80799865722656
2025-09-25,108362,88.77860260009766
2025-09-26,109468,88.77310180664062
2025-09-29,110670,88.67680358886719
2025-09-30,111281,88.70449829101562
2025-10-01,112227,88.8406982421875
2025-10-02,111223,88.68299865722656
2025-10-03,112460,88.72019958496094
2025-10-06,114441,88.73509979248047
2025-10-07,115238,88.72109985351562
2025-10-08,117199,88.74259948730469
2025-10-09,114432,88.7771987915039
2025-10-10,115405,88.86540222167969
2025-10-13,119111,88.7573013305664
2025-10-14,119859,88.66510009765625
2025-10-15,121126,88.78250122070312
2025-10-16,122761,87.80950164794922
2025-10-17,120419,87.9906997680664
2025-10-20,124646,88.0022964477539
2025-10-21,117334,87.87999725341797
2025-10-22,116252,88.00160217285156
2025-10-23,118231,87.74030303955078
2025-10-24,118080,87.77899932861328
2025-10-27,114805,87.8290023803711
2025-10-28,114290,88.22209930419922
2025-10-29,114798,88.22550201416016
2025-10-30,115463,88.34559631347656
2025-10-31,115287,88.6344985961914
2025-11-03,115995,88.77539825439453
2025-11-04,114403,88.72339630126953
2025-11-05,115359,88.73200225830078
2025-11-06,115120,88.55690002441406
2025-11-07,115835,88.6729965209961
2025-11-10,119071,88.65799713134766
2025-11-11,118992,88.70709991455078
2025-11-12,121489,88.46649932861328
2025-11-13,121158,88.59400177001953
2025-11-14,118581,88.81610107421875
2025-11-17,117843,88.68199920654297
2025-11-18,117579,88.63590240478516
2025-11-19,117949,88.55680084228516
2025-11-20,117243,88.48719787597656
2025-11-21,118100,88.69219970703125
2025-11-24,119799,89.63400268554688
2025-11-25,120526,89.14779663085938
2025-11-26,121287,89.15059661865234
2025-11-27,121304,89.16300201416016
2025-11-28,123129,89.36479949951172
2025-12-01,123721,89.3499984741211
2025-12-02,122542,89.61270141601562
2025-12-03,123332,89.91719818115234
2025-12-04,124047,90.17050170898438
2025-12-05,123620,89.8364028930664
2025-12-08,123005,89.93800354003906
2025-12-09,123842,90.12999725341797
2025-12-10,123246,89.91690063476562
2025-12-11,125690,89.79299926757812
2025-12-12,126764,90.25299835205078
2025-12-15,127414,90.5770034790039
2025-12-16,127630,90.77690124511719
2025-12-17,129149,90.94889831542969
2025-12-18,128153,90.4136962890625
2025-12-19,128575,90.25579833984375
2025-12-22,130032,89.56999969482422
2025-12-23,131199,89.60389709472656
2025-12-24,130995,89.50789642333984
2025-12-26,133297,90.10590362548828
2025-12-29,127649,89.8740005493164
2026-01-04,126000,89.96
2026-01-05,127600,90.19
